Dataset,Model,Accuracy,F1-Macro,Precision,Recall,Epochs,CO2_kg
dreaddit,mental/mental-roberta-base,0.8055555555555556,0.8055555555555556,0.8061776061776063,0.8061776061776063,3.0,0.0010684842234501878
dreaddit,facebook/bart-base,0.7638888888888888,0.7638433339764614,0.7654798761609907,0.7648648648648648,3.0,0.0011617348177355633
dreaddit,mental/mental-bert-base-uncased,0.7638888888888888,0.7627447179685987,0.765625,0.7625482625482626,3.0,0.0010360779739075527
dreaddit,gpt2,0.7222222222222222,0.7213622291021672,0.7285601888276947,0.7243243243243244,3.0,0.001201399937959221
dreaddit,bert-base-uncased,0.6944444444444444,0.6942084942084943,0.6942084942084943,0.6942084942084943,3.0,0.0010308650120758095
mental_health_balanced,mental/mental-roberta-base,0.9192307692307692,0.9193150026859068,0.9201606039748718,0.9192307692307692,3.0,0.017688911140154442
mental_health_balanced,mental/mental-bert-base-uncased,0.9146153846153846,0.9148178716059905,0.9163038323464971,0.9146153846153845,3.0,0.0177910323267338
mental_health_balanced,bert-base-uncased,0.9092307692307692,0.9086818325611694,0.90961078316559,0.9092307692307691,3.0,0.017508397670494905
mental_health_balanced,facebook/bart-base,0.8984615384615384,0.8993328306090234,0.9022180562698914,0.8984615384615384,3.0,0.021567772948636273
mental_health_balanced,gpt2,0.8515384615384616,0.8520394435576446,0.8546161952916276,0.8515384615384616,3.0,0.02387428303919997
reddit_500,mental/mental-bert-base-uncased,0.48,0.3349236129723935,0.29909090909090913,0.3831016042780749,3.0,0.0013049643959521455
reddit_500,facebook/bart-base,0.38,0.2400966183574879,0.21816976127320956,0.27850267379679144,3.0,0.001630527621522879
reddit_500,bert-base-uncased,0.4,0.20634920634920634,0.16,0.2994652406417112,3.0,0.0013019550520403053
reddit_500,mental/mental-roberta-base,0.36,0.18509485094850947,0.1470175438596491,0.2823529411764706,3.0,0.0013786828018096339
reddit_500,gpt2,0.32,0.09846153846153846,0.06666666666666667,0.18823529411764706,3.0,0.0016856684072299483
